day_of_week,hour,num_posts,avg_score
3,22,507184,10.247286980661851
3,15,513208,12.221434584028309
4,10,272380,11.395172185916733
3,1,478204,10.436962049669178
3,13,437163,10.77197292543056
3,18,554066,10.559922464110773
4,7,282239,8.608895297956696
4,0,488105,10.081259155304698
2,22,506248,10.157296423887107
4,11,320083,10.787623835067778
4,9,247524,9.582654611270017
3,10,272225,10.635514739645513
2,14,455422,10.076081085235232
3,5,355101,8.369339990594225
2,5,343929,10.601286893515812
3,20,552363,9.054196244136556
2,9,242912,9.011139836648663
4,17,523214,9.265619803751429
4,13,432746,11.976078346189219
3,3,445715,9.723644032621742
4,15,471272,10.915437369502113
3,17,548875,10.105490321111365
2,21,520424,10.098198776382334
3,19,552683,9.785830213702972
4,3,453956,10.740897796262193
3,11,317988,9.71736040353724
2,4,385141,10.607216577824746
4,6,314046,8.999512810225253
3,14,481712,10.784560069086924
3,6,308025,8.161071341611882
3,9,252667,10.238828180965461
3,21,534189,9.80873997779812
2,11,301660,9.562921832526685
2,12,357397,9.011941902142436
2,10,259657,8.812675953276823
2,23,487412,9.365787054894012
3,2,470316,10.260752345231717
4,14,463749,11.616184617109687
3,12,374847,10.434102447131764
3,8,257106,9.857397338062901
3,4,402051,9.071754578399258
4,2,479609,10.180768084001759
4,18,544614,8.289906245524353
4,4,412205,10.10458388423236
2,8,253081,8.828501546935566
3,16,535441,11.676009121453157
3,0,476520,9.792315117938386
4,1,482125,10.325616800622246
3,7,278566,8.883230545005492
4,8,256935,8.380356899604958
4,16,491671,10.438236137579805
2,7,275975,8.967584020291692
3,23,492352,9.970892775900168
4,5,359121,8.716282255841346
2,13,407241,11.181715495247285
4,12,377988,11.102310126247394
2,6,304248,9.73603770608188
6,20,505801,10.438308741975598
6,1,470296,9.690639512137038
7,4,377363,9.719029157601566
2,2,450489,10.55656630905527
6,22,472427,10.288137638195954
2,19,523598,10.218759429944347
2,3,425941,10.406546916122187
1,2,445865,9.988258777881198
6,0,468964,10.168870105167988
4,22,504367,9.242658619616272
5,7,278002,8.669279357702463
5,6,309980,9.206177817923736
6,8,257349,9.07164589720574
1,1,444562,10.993532960531939
6,5,356070,8.405552279046255
1,3,430820,9.371575135787568
2,17,498353,9.66403934560442
6,21,490126,9.681243190526517
1,4,395225,9.835896008602695
5,4,402527,9.52080978418839
5,23,483512,10.86932072006486
2,15,475176,11.156756654376483
7,3,411341,9.585536088063188
4,23,483558,9.238937211254907
6,7,284234,8.797311370209053
4,20,541619,9.586120501681071
2,1,454670,10.135913959575076
2,18,512617,10.052645542383495
2,20,521365,10.452326105511494
6,3,436527,10.055013779216406
4,21,522103,9.383119805862062
7,5,337454,9.166668642244572
6,2,462371,9.9764215316272
5,8,255661,9.091304500882027
4,19,544894,9.560709055339204
6,10,275249,10.595693354017635
5,0,472767,9.284182271605252
5,2,477684,9.92362942865995
5,1,475773,8.725892389858188
5,3,449907,9.990206864974317
6,11,318190,12.968716804425028
7,7,274575,8.990002731494128
6,6,312064,8.602966058244462
6,19,512578,10.59860157868656
6,9,253996,10.193727460274966
5,5,352083,9.483482587912508
7,6,300798,9.103491379596939
2,16,494350,10.279178719530696
6,4,396259,9.879341541769397
1,0,448555,11.649632709478213
5,22,504240,9.67636244645407
7,22,461148,11.084170374803751
5,21,534466,10.315808676323657
7,23,460260,11.190987702602877
5,12,379287,10.577633823463499
5,20,545795,9.449170476094505
5,10,272950,10.035577944678513
2,0,452912,9.873556010880701
1,5,352814,9.366286485230178
5,9,252023,9.580970784412534
5,11,318785,10.214028263563216
1,7,281503,9.155039200292714
7,1,443047,9.890291549203583
6,17,513250,10.3962669264491
1,9,245989,10.531930289565794
1,22,463517,11.82237113201889
6,18,511337,10.57635571061746
7,2,431874,9.29130024034788
7,9,238951,9.253842838071403
1,8,257192,9.643425923045818
1,16,474331,10.3875289618431
1,23,453953,10.419613924789571
6,23,458200,9.89910082933217
1,18,488256,10.208339477651068
1,21,480566,11.556870440272512
1,17,482965,10.503589287008376
7,8,250981,9.897677513437273
7,10,245780,9.24599641956221
6,16,508812,10.448790515946952
1,6,311523,9.153118710335994
7,0,447108,10.510429247519616
5,16,503454,9.28442916333965
6,12,379281,12.164442721886939
6,13,439759,10.981489861492317
6,15,498002,10.269854337934385
5,15,500084,10.070670127418593
6,14,474866,10.473552539032063
5,14,483518,10.388072419227413
5,17,522277,9.334558098480308
5,13,442523,10.83349791988213
5,19,541214,9.173003654746552
5,18,532978,9.46672658158498
1,11,280022,9.98951868067509
1,12,325288,10.030539091512752
1,13,378498,11.15649224038172
1,10,249936,10.327919947506562
7,14,418561,11.54935600784593
7,15,452277,11.084521211558403
7,12,322785,9.263785491890888
1,14,427008,12.438488271882495
7,13,373559,10.11548108866337
1,15,460002,11.30618562527989
7,21,463453,11.574476807788493
1,20,483053,10.84013555448367
7,20,462457,10.511167524764465
7,19,462017,9.930753630277673
1,19,482824,10.29387934319752
7,11,276993,9.27814782323019
7,17,467933,10.517469381300314
7,18,468295,9.916539787954175
7,16,465305,10.362214031656656
