ai_category,time_period,avg_sentiment,post_count,avg_score
Baseline (AskReddit - AI mentioned),2023-06,-0.08996835097675433,42,3.357142857142857
Baseline (AskReddit - AI mentioned),2023-07,-0.043294282217170826,19,1.0
Baseline (AskReddit - AI mentioned),2023-08,0.13019536019536018,18,1.0
Baseline (AskReddit - AI mentioned),2023-09,0.3125,16,1.0
Baseline (AskReddit - AI mentioned),2023-10,0.12651256789187826,29,1.0
Baseline (AskReddit - AI mentioned),2023-11,0.32133333333333336,15,18.333333333333332
Baseline (AskReddit - AI mentioned),2023-12,0.1132175350911025,67,55.582089552238806
Baseline (AskReddit - AI mentioned),2024-01,0.17696969696969694,15,3.8666666666666667
Baseline (AskReddit - AI mentioned),2024-02,0.03555555555555556,21,2.2857142857142856
Baseline (AskReddit - AI mentioned),2024-03,0.19760021766856306,44,2.409090909090909
Baseline (AskReddit - AI mentioned),2024-04,0.2302579175210754,32,3.40625
Baseline (AskReddit - AI mentioned),2024-05,0.030569561157796465,24,4.541666666666667
Baseline (AskReddit - AI mentioned),2024-06,0.18018986568986567,40,1.65
Baseline (AskReddit),2023-06,-0.04297077305896855,43132,18.602568858388203
Baseline (AskReddit),2023-07,-0.0285130506512851,21271,1.0
Baseline (AskReddit),2023-08,-0.03990266689019037,18430,1.0
Baseline (AskReddit),2023-09,-0.032177648025508564,13882,0.9991355712433367
Baseline (AskReddit),2023-10,-0.03116347666561881,19051,1.3931027242664427
Baseline (AskReddit),2023-11,-0.0054764935668752445,15551,7.217670889331876
Baseline (AskReddit),2023-12,-0.016744467315810873,63611,14.892157016868152
Baseline (AskReddit),2024-01,-0.007320251706049597,14481,23.020647745321455
Baseline (AskReddit),2024-02,0.028543197997087325,18127,9.176532244717825
Baseline (AskReddit),2024-03,-0.07738977574835221,31647,13.355104749265333
Baseline (AskReddit),2024-04,-0.07650157227345722,26145,9.925301204819277
Baseline (AskReddit),2024-05,-0.05731831633212538,24052,17.4521453517379
Baseline (AskReddit),2024-06,-0.012871255516957137,24441,25.366924430260628
Creative AI,2023-06,0.2833666343568217,177,2.384180790960452
Creative AI,2023-07,0.30953012652583467,233,1.0
Creative AI,2023-08,0.34196457747859615,107,1.0093457943925233
Creative AI,2023-09,0.29023953589562096,443,0.9977426636568849
Creative AI,2023-10,0.27553714700929105,362,4.745856353591161
Creative AI,2023-11,0.18768154922001073,130,1.8923076923076922
Creative AI,2023-12,0.26234923290780504,985,2.93502538071066
Creative AI,2024-01,0.4315822244360635,188,4.48936170212766
Creative AI,2024-02,0.26662427935398497,342,10.842105263157896
Creative AI,2024-03,0.2509748403866051,333,2.750750750750751
Creative AI,2024-04,0.23771857426063034,214,2.607476635514019
Creative AI,2024-05,0.3313310636695632,317,3.2050473186119874
Creative AI,2024-06,0.2946010598189904,332,4.77710843373494
Other,2023-06,0.164887485649936,5771,5.1624341096943525
Other,2023-07,0.1584300234340529,2399,1.00513698630137
Other,2023-08,0.05128675470511299,2297,1.0024889380530972
Other,2023-09,0.1304747163637556,724,1.0
Other,2023-10,0.07601807582532472,2264,1.1782447191701944
Other,2023-11,0.12967963526802492,2078,9.424423663393119
Other,2023-12,0.15933669372866563,7407,6.874338632192578
Other,2024-01,0.13138824819845055,1947,7.865467485973249
Other,2024-02,0.1835348800454004,2692,9.008567417749964
Other,2024-03,0.044439354752306745,3965,13.146802052373683
Other,2024-04,0.175792085227964,3325,5.580595589323189
Other,2024-05,0.10229985783189942,3913,4.883060983168112
Other,2024-06,0.13171140493861155,4222,6.767401885246744
Research/Tech,2023-07,0.1793915343915344,54,1.0
Research/Tech,2023-08,0.0907563025210084,17,1.0
Research/Tech,2023-09,0.2900373147320515,150,1.0
Research/Tech,2023-10,0.2010474977869936,105,1.0095238095238095
Research/Tech,2023-11,0.056406926406926405,28,1.1428571428571428
Research/Tech,2023-12,0.10621730626260766,272,4.856617647058823
Research/Tech,2024-01,0.21268292682926832,41,3.097560975609756
Research/Tech,2024-02,0.20718614718614717,78,8.653846153846153
Research/Tech,2024-03,0.10081987577639752,115,9.57391304347826
Research/Tech,2024-04,0.0017457062569844473,63,2.3968253968253967
Research/Tech,2024-05,0.14046511627906977,43,9.604651162790697
Research/Tech,2024-06,-0.18892623716153129,51,1.9607843137254901
Text AI,2023-06,0.01027620919313877,1477,5.387948544346648
Text AI,2023-07,-0.023170508202681114,422,1.0
Text AI,2023-08,0.19389050791417653,377,1.0
Text AI,2023-09,0.13786285445384838,741,1.0
Text AI,2023-10,0.2808684566211801,866,1.2427810222621543
Text AI,2023-11,0.32589665490184405,597,3.3637482662968097
Text AI,2023-12,0.12264618060031465,2173,4.899740907615989
Text AI,2024-01,0.067938687907776,730,4.36063091982721
Text AI,2024-02,-0.04171606911095567,1225,9.34085468489608
Text AI,2024-03,0.24440428424932126,1684,5.449999818783609
Text AI,2024-04,0.07970948295793036,1578,4.033320198652413
Text AI,2024-05,0.048588997262874,818,3.1485826781703086
Text AI,2024-06,0.16669201880659204,1272,4.493694265408332
